<?xml version="1.0" encoding="utf-16"?>
<response>
  <attributecollection>
    <attribute>
      <name>errorcode</name>
      <value>0</value>
      <attributecollection />
    </attribute>
    <attribute>
      <name>errormessage</name>
      <value></value>
      <attributecollection />
    </attribute>
  </attributecollection>
  <objectcollection>
    <object>
      <classid>LinkEndCode1</classid>
      <objectid>ld:RecipeMadeOf::lde:DestinationRecipeConsists</objectid>
      <displayname>LinkedObjectsInfo[LinkEndCode1:ld:RecipeMadeOf::lde:DestinationRecipeConsists]</displayname>
      <attributecollection />
      <objectcollection>
        <object>
          <classid>LinkInstance</classid>
          <objectid>bf13d12c-ca7f-450e-83f7-aaff016f2cf8</objectid>
          <displayname>[LinkInstance] {bf13d12c-ca7f-450e-83f7-aaff016f2cf8}</displayname>
          <attributecollection>
            <attribute>
              <name>Name</name>
              <value>[LinkInstance] {bf13d12c-ca7f-450e-83f7-aaff016f2cf8}</value>
              <attributecollection />
            </attribute>
            <attribute>
              <name>Property</name>
              <value>CompositeMaterial_OutputMass</value>
              <attributecollection>
                <attribute>
                  <name>PropertyName</name>
                  <value>Масса на выход готовой продукции</value>
                  <attributecollection />
                </attribute>
                <attribute>
                  <name>PropertyType</name>
                  <value>1</value>
                  <attributecollection />
                </attribute>
                <attribute>
                  <name>ConceptName</name>
                  <value>Расход сырья</value>
                  <attributecollection />
                </attribute>
                <attribute>
                  <name>ConceptCode</name>
                  <value>c:MaterialsReference::c:CompositeMaterials::c:RawMaterialsConsumption</value>
                  <attributecollection />
                </attribute>
                <attribute>
                  <name>DoubleValueType</name>
                  <value>2</value>
                  <attributecollection />
                </attribute>
                <attribute>
                  <name>Value</name>
                  <value>22250</value>
                  <attributecollection />
                </attribute>
                <attribute>
                  <name>LowerTolerance</name>
                  <value>-111</value>
                  <attributecollection />
                </attribute>
                <attribute>
                  <name>UpperTolerance</name>
                  <value>111</value>
                  <attributecollection />
                </attribute>
                <attribute>
                  <name>DisplayValue</name>
                  <value>22250 (-111; 111)</value>
                  <attributecollection />
                </attribute>
                <attribute>
                  <name>MeasureUnitId</name>
                  <value>V7A9D79F6364B40D3BEEC90E05363F7C0</value>
                  <attributecollection />
                </attribute>
                <attribute>
                  <name>MeasureUnitDesignation</name>
                  <value>г</value>
                  <attributecollection />
                </attribute>
                <attribute>
                  <name>ValueType</name>
                  <value>1</value>
                  <attributecollection />
                </attribute>
              </attributecollection>
            </attribute>
            <attribute>
              <name>Concept</name>
              <value>c:MaterialsReference::c:CompositeMaterials::c:RawMaterialsConsumption</value>
              <attributecollection>
                <attribute>
                  <name>Property</name>
                  <value>CompositeMaterial_OutputMass</value>
                  <attributecollection>
                    <attribute>
                      <name>PropertyName</name>
                      <value>Масса на выход готовой продукции</value>
                      <attributecollection />
                    </attribute>
                    <attribute>
                      <name>PropertyType</name>
                      <value>1</value>
                      <attributecollection />
                    </attribute>
                    <attribute>
                      <name>ConceptName</name>
                      <value>Расход сырья</value>
                      <attributecollection />
                    </attribute>
                    <attribute>
                      <name>ConceptCode</name>
                      <value>c:MaterialsReference::c:CompositeMaterials::c:RawMaterialsConsumption</value>
                      <attributecollection />
                    </attribute>
                    <attribute>
                      <name>DoubleValueType</name>
                      <value>2</value>
                      <attributecollection />
                    </attribute>
                    <attribute>
                      <name>Value</name>
                      <value>22250</value>
                      <attributecollection />
                    </attribute>
                    <attribute>
                      <name>LowerTolerance</name>
                      <value>-111</value>
                      <attributecollection />
                    </attribute>
                    <attribute>
                      <name>UpperTolerance</name>
                      <value>111</value>
                      <attributecollection />
                    </attribute>
                    <attribute>
                      <name>DisplayValue</name>
                      <value>22250 (-111; 111)</value>
                      <attributecollection />
                    </attribute>
                    <attribute>
                      <name>MeasureUnitId</name>
                      <value>V7A9D79F6364B40D3BEEC90E05363F7C0</value>
                      <attributecollection />
                    </attribute>
                    <attribute>
                      <name>MeasureUnitDesignation</name>
                      <value>г</value>
                      <attributecollection />
                    </attribute>
                    <attribute>
                      <name>ValueType</name>
                      <value>1</value>
                      <attributecollection />
                    </attribute>
                  </attributecollection>
                </attribute>
              </attributecollection>
            </attribute>
            <attribute>
              <name>LinkedObjectName</name>
              <value>ПМС-1 ГОСТ 4960-2017</value>
              <attributecollection />
            </attribute>
            <attribute>
              <name>LinkedObjectBOLocation</name>
              <value>BOSimple***Material:367ef68d-f6ca-46bb-9a6c-8ff3769186bd</value>
              <attributecollection />
            </attribute>
            <attribute>
              <name>LinkedObjectDefaultLocation</name>
              <value>&lt;location producer="1EB9C616-BC33-4B47-A045-A171F86CDD07" ver="1" cls="Properties.ClassificationItem" id="367ef68d-f6ca-46bb-9a6c-8ff3769186bd"&gt;&lt;item cls="Properties.ReferenceCatalogNode" id="a922e97e-b01f-491f-99b4-b7d95d52cc4a"/&gt;&lt;/location&gt;</value>
              <attributecollection />
            </attribute>
            <attribute>
              <name>LinkedObjectLocation</name>
              <value></value>
              <attributecollection />
            </attribute>
          </attributecollection>
          <objectcollection />
        </object>
        <object>
          <classid>LinkInstance</classid>
          <objectid>bbc6bf80-9da7-4347-8211-aaff016f41b8</objectid>
          <displayname>[LinkInstance] {bbc6bf80-9da7-4347-8211-aaff016f41b8}</displayname>
          <attributecollection>
            <attribute>
              <name>Name</name>
              <value>[LinkInstance] {bbc6bf80-9da7-4347-8211-aaff016f41b8}</value>
              <attributecollection />
            </attribute>
            <attribute>
              <name>Property</name>
              <value>CompositeMaterial_OutputMass</value>
              <attributecollection>
                <attribute>
                  <name>PropertyName</name>
                  <value>Масса на выход готовой продукции</value>
                  <attributecollection />
                </attribute>
                <attribute>
                  <name>PropertyType</name>
                  <value>1</value>
                  <attributecollection />
                </attribute>
                <attribute>
                  <name>ConceptName</name>
                  <value>Расход сырья</value>
                  <attributecollection />
                </attribute>
                <attribute>
                  <name>ConceptCode</name>
                  <value>c:MaterialsReference::c:CompositeMaterials::c:RawMaterialsConsumption</value>
                  <attributecollection />
                </attribute>
                <attribute>
                  <name>DoubleValueType</name>
                  <value>2</value>
                  <attributecollection />
                </attribute>
                <attribute>
                  <name>Value</name>
                  <value>2500</value>
                  <attributecollection />
                </attribute>
                <attribute>
                  <name>LowerTolerance</name>
                  <value>-7.5</value>
                  <attributecollection />
                </attribute>
                <attribute>
                  <name>UpperTolerance</name>
                  <value>7.5</value>
                  <attributecollection />
                </attribute>
                <attribute>
                  <name>DisplayValue</name>
                  <value>2500 (-7.5; 7.5)</value>
                  <attributecollection />
                </attribute>
                <attribute>
                  <name>MeasureUnitId</name>
                  <value>V7A9D79F6364B40D3BEEC90E05363F7C0</value>
                  <attributecollection />
                </attribute>
                <attribute>
                  <name>MeasureUnitDesignation</name>
                  <value>г</value>
                  <attributecollection />
                </attribute>
                <attribute>
                  <name>ValueType</name>
                  <value>1</value>
                  <attributecollection />
                </attribute>
              </attributecollection>
            </attribute>
            <attribute>
              <name>Concept</name>
              <value>c:MaterialsReference::c:CompositeMaterials::c:RawMaterialsConsumption</value>
              <attributecollection>
                <attribute>
                  <name>Property</name>
                  <value>CompositeMaterial_OutputMass</value>
                  <attributecollection>
                    <attribute>
                      <name>PropertyName</name>
                      <value>Масса на выход готовой продукции</value>
                      <attributecollection />
                    </attribute>
                    <attribute>
                      <name>PropertyType</name>
                      <value>1</value>
                      <attributecollection />
                    </attribute>
                    <attribute>
                      <name>ConceptName</name>
                      <value>Расход сырья</value>
                      <attributecollection />
                    </attribute>
                    <attribute>
                      <name>ConceptCode</name>
                      <value>c:MaterialsReference::c:CompositeMaterials::c:RawMaterialsConsumption</value>
                      <attributecollection />
                    </attribute>
                    <attribute>
                      <name>DoubleValueType</name>
                      <value>2</value>
                      <attributecollection />
                    </attribute>
                    <attribute>
                      <name>Value</name>
                      <value>2500</value>
                      <attributecollection />
                    </attribute>
                    <attribute>
                      <name>LowerTolerance</name>
                      <value>-7.5</value>
                      <attributecollection />
                    </attribute>
                    <attribute>
                      <name>UpperTolerance</name>
                      <value>7.5</value>
                      <attributecollection />
                    </attribute>
                    <attribute>
                      <name>DisplayValue</name>
                      <value>2500 (-7.5; 7.5)</value>
                      <attributecollection />
                    </attribute>
                    <attribute>
                      <name>MeasureUnitId</name>
                      <value>V7A9D79F6364B40D3BEEC90E05363F7C0</value>
                      <attributecollection />
                    </attribute>
                    <attribute>
                      <name>MeasureUnitDesignation</name>
                      <value>г</value>
                      <attributecollection />
                    </attribute>
                    <attribute>
                      <name>ValueType</name>
                      <value>1</value>
                      <attributecollection />
                    </attribute>
                  </attributecollection>
                </attribute>
              </attributecollection>
            </attribute>
            <attribute>
              <name>LinkedObjectName</name>
              <value>ПО1 ГОСТ 9723-73</value>
              <attributecollection />
            </attribute>
            <attribute>
              <name>LinkedObjectBOLocation</name>
              <value>BOSimple***Material:cb09bd54-f884-4176-813e-47b73e695cdd</value>
              <attributecollection />
            </attribute>
            <attribute>
              <name>LinkedObjectDefaultLocation</name>
              <value>&lt;location producer="1EB9C616-BC33-4B47-A045-A171F86CDD07" ver="1" cls="Properties.ClassificationItem" id="cb09bd54-f884-4176-813e-47b73e695cdd"&gt;&lt;item cls="Properties.ReferenceCatalogNode" id="be2dccd7-28dc-4349-b321-1aa7011f2896"/&gt;&lt;/location&gt;</value>
              <attributecollection />
            </attribute>
            <attribute>
              <name>LinkedObjectLocation</name>
              <value></value>
              <attributecollection />
            </attribute>
          </attributecollection>
          <objectcollection />
        </object>
        <object>
          <classid>LinkInstance</classid>
          <objectid>921b2015-c71c-42f3-b7af-aaff016d95c1</objectid>
          <displayname>[LinkInstance] {921b2015-c71c-42f3-b7af-aaff016d95c1}</displayname>
          <attributecollection>
            <attribute>
              <name>Name</name>
              <value>[LinkInstance] {921b2015-c71c-42f3-b7af-aaff016d95c1}</value>
              <attributecollection />
            </attribute>
            <attribute>
              <name>Property</name>
              <value>CompositeMaterial_OutputMass</value>
              <attributecollection>
                <attribute>
                  <name>PropertyName</name>
                  <value>Масса на выход готовой продукции</value>
                  <attributecollection />
                </attribute>
                <attribute>
                  <name>PropertyType</name>
                  <value>1</value>
                  <attributecollection />
                </attribute>
                <attribute>
                  <name>ConceptName</name>
                  <value>Расход сырья</value>
                  <attributecollection />
                </attribute>
                <attribute>
                  <name>ConceptCode</name>
                  <value>c:MaterialsReference::c:CompositeMaterials::c:RawMaterialsConsumption</value>
                  <attributecollection />
                </attribute>
                <attribute>
                  <name>DoubleValueType</name>
                  <value>2</value>
                  <attributecollection />
                </attribute>
                <attribute>
                  <name>Value</name>
                  <value>125</value>
                  <attributecollection />
                </attribute>
                <attribute>
                  <name>LowerTolerance</name>
                  <value>-0.129999999999995</value>
                  <attributecollection />
                </attribute>
                <attribute>
                  <name>UpperTolerance</name>
                  <value>0.129999999999995</value>
                  <attributecollection />
                </attribute>
                <attribute>
                  <name>DisplayValue</name>
                  <value>125 (-0.129999999999995; 0.129999999999995)</value>
                  <attributecollection />
                </attribute>
                <attribute>
                  <name>MeasureUnitId</name>
                  <value>V7A9D79F6364B40D3BEEC90E05363F7C0</value>
                  <attributecollection />
                </attribute>
                <attribute>
                  <name>MeasureUnitDesignation</name>
                  <value>г</value>
                  <attributecollection />
                </attribute>
                <attribute>
                  <name>ValueType</name>
                  <value>1</value>
                  <attributecollection />
                </attribute>
              </attributecollection>
            </attribute>
            <attribute>
              <name>Concept</name>
              <value>c:MaterialsReference::c:CompositeMaterials::c:RawMaterialsConsumption</value>
              <attributecollection>
                <attribute>
                  <name>Property</name>
                  <value>CompositeMaterial_OutputMass</value>
                  <attributecollection>
                    <attribute>
                      <name>PropertyName</name>
                      <value>Масса на выход готовой продукции</value>
                      <attributecollection />
                    </attribute>
                    <attribute>
                      <name>PropertyType</name>
                      <value>1</value>
                      <attributecollection />
                    </attribute>
                    <attribute>
                      <name>ConceptName</name>
                      <value>Расход сырья</value>
                      <attributecollection />
                    </attribute>
                    <attribute>
                      <name>ConceptCode</name>
                      <value>c:MaterialsReference::c:CompositeMaterials::c:RawMaterialsConsumption</value>
                      <attributecollection />
                    </attribute>
                    <attribute>
                      <name>DoubleValueType</name>
                      <value>2</value>
                      <attributecollection />
                    </attribute>
                    <attribute>
                      <name>Value</name>
                      <value>125</value>
                      <attributecollection />
                    </attribute>
                    <attribute>
                      <name>LowerTolerance</name>
                      <value>-0.129999999999995</value>
                      <attributecollection />
                    </attribute>
                    <attribute>
                      <name>UpperTolerance</name>
                      <value>0.129999999999995</value>
                      <attributecollection />
                    </attribute>
                    <attribute>
                      <name>DisplayValue</name>
                      <value>125 (-0.129999999999995; 0.129999999999995)</value>
                      <attributecollection />
                    </attribute>
                    <attribute>
                      <name>MeasureUnitId</name>
                      <value>V7A9D79F6364B40D3BEEC90E05363F7C0</value>
                      <attributecollection />
                    </attribute>
                    <attribute>
                      <name>MeasureUnitDesignation</name>
                      <value>г</value>
                      <attributecollection />
                    </attribute>
                    <attribute>
                      <name>ValueType</name>
                      <value>1</value>
                      <attributecollection />
                    </attribute>
                  </attributecollection>
                </attribute>
              </attributecollection>
            </attribute>
            <attribute>
              <name>LinkedObjectName</name>
              <value>Стеарат цинка ТУ 6-09-17-255-88</value>
              <attributecollection />
            </attribute>
            <attribute>
              <name>LinkedObjectBOLocation</name>
              <value>BOSimple***Material:63a4bb86-4bf6-4f91-9c29-aae800a63059</value>
              <attributecollection />
            </attribute>
            <attribute>
              <name>LinkedObjectDefaultLocation</name>
              <value>&lt;location producer="1EB9C616-BC33-4B47-A045-A171F86CDD07" ver="1" cls="Properties.ClassificationItem" id="63a4bb86-4bf6-4f91-9c29-aae800a63059"&gt;&lt;item cls="Properties.ReferenceCatalogNode" id="8172e25e-8212-44ec-a68b-634357c2a7eb"/&gt;&lt;/location&gt;</value>
              <attributecollection />
            </attribute>
            <attribute>
              <name>LinkedObjectLocation</name>
              <value></value>
              <attributecollection />
            </attribute>
          </attributecollection>
          <objectcollection />
        </object>
        <object>
          <classid>LinkInstance</classid>
          <objectid>40128861-b200-4408-a494-aaff016d63fe</objectid>
          <displayname>[LinkInstance] {40128861-b200-4408-a494-aaff016d63fe}</displayname>
          <attributecollection>
            <attribute>
              <name>Name</name>
              <value>[LinkInstance] {40128861-b200-4408-a494-aaff016d63fe}</value>
              <attributecollection />
            </attribute>
            <attribute>
              <name>Property</name>
              <value>CompositeMaterial_OutputMass</value>
              <attributecollection>
                <attribute>
                  <name>PropertyName</name>
                  <value>Масса на выход готовой продукции</value>
                  <attributecollection />
                </attribute>
                <attribute>
                  <name>PropertyType</name>
                  <value>1</value>
                  <attributecollection />
                </attribute>
                <attribute>
                  <name>ConceptName</name>
                  <value>Расход сырья</value>
                  <attributecollection />
                </attribute>
                <attribute>
                  <name>ConceptCode</name>
                  <value>c:MaterialsReference::c:CompositeMaterials::c:RawMaterialsConsumption</value>
                  <attributecollection />
                </attribute>
                <attribute>
                  <name>DoubleValueType</name>
                  <value>2</value>
                  <attributecollection />
                </attribute>
                <attribute>
                  <name>Value</name>
                  <value>250</value>
                  <attributecollection />
                </attribute>
                <attribute>
                  <name>LowerTolerance</name>
                  <value>-0.75</value>
                  <attributecollection />
                </attribute>
                <attribute>
                  <name>UpperTolerance</name>
                  <value>0.749999999999972</value>
                  <attributecollection />
                </attribute>
                <attribute>
                  <name>DisplayValue</name>
                  <value>250 (-0.75; 0.749999999999972)</value>
                  <attributecollection />
                </attribute>
                <attribute>
                  <name>MeasureUnitId</name>
                  <value>V7A9D79F6364B40D3BEEC90E05363F7C0</value>
                  <attributecollection />
                </attribute>
                <attribute>
                  <name>MeasureUnitDesignation</name>
                  <value>г</value>
                  <attributecollection />
                </attribute>
                <attribute>
                  <name>ValueType</name>
                  <value>1</value>
                  <attributecollection />
                </attribute>
              </attributecollection>
            </attribute>
            <attribute>
              <name>Concept</name>
              <value>c:MaterialsReference::c:CompositeMaterials::c:RawMaterialsConsumption</value>
              <attributecollection>
                <attribute>
                  <name>Property</name>
                  <value>CompositeMaterial_OutputMass</value>
                  <attributecollection>
                    <attribute>
                      <name>PropertyName</name>
                      <value>Масса на выход готовой продукции</value>
                      <attributecollection />
                    </attribute>
                    <attribute>
                      <name>PropertyType</name>
                      <value>1</value>
                      <attributecollection />
                    </attribute>
                    <attribute>
                      <name>ConceptName</name>
                      <value>Расход сырья</value>
                      <attributecollection />
                    </attribute>
                    <attribute>
                      <name>ConceptCode</name>
                      <value>c:MaterialsReference::c:CompositeMaterials::c:RawMaterialsConsumption</value>
                      <attributecollection />
                    </attribute>
                    <attribute>
                      <name>DoubleValueType</name>
                      <value>2</value>
                      <attributecollection />
                    </attribute>
                    <attribute>
                      <name>Value</name>
                      <value>250</value>
                      <attributecollection />
                    </attribute>
                    <attribute>
                      <name>LowerTolerance</name>
                      <value>-0.75</value>
                      <attributecollection />
                    </attribute>
                    <attribute>
                      <name>UpperTolerance</name>
                      <value>0.749999999999972</value>
                      <attributecollection />
                    </attribute>
                    <attribute>
                      <name>DisplayValue</name>
                      <value>250 (-0.75; 0.749999999999972)</value>
                      <attributecollection />
                    </attribute>
                    <attribute>
                      <name>MeasureUnitId</name>
                      <value>V7A9D79F6364B40D3BEEC90E05363F7C0</value>
                      <attributecollection />
                    </attribute>
                    <attribute>
                      <name>MeasureUnitDesignation</name>
                      <value>г</value>
                      <attributecollection />
                    </attribute>
                    <attribute>
                      <name>ValueType</name>
                      <value>1</value>
                      <attributecollection />
                    </attribute>
                  </attributecollection>
                </attribute>
              </attributecollection>
            </attribute>
            <attribute>
              <name>LinkedObjectName</name>
              <value>ЭУТ ГОСТ 10274-79</value>
              <attributecollection />
            </attribute>
            <attribute>
              <name>LinkedObjectBOLocation</name>
              <value>BOSimple***Material:7a8c9141-ed3a-4b49-8c3a-d6a4b9acd2ad</value>
              <attributecollection />
            </attribute>
            <attribute>
              <name>LinkedObjectDefaultLocation</name>
              <value>&lt;location producer="1EB9C616-BC33-4B47-A045-A171F86CDD07" ver="1" cls="Properties.ClassificationItem" id="7a8c9141-ed3a-4b49-8c3a-d6a4b9acd2ad"&gt;&lt;item cls="Properties.ReferenceCatalogNode" id="5fb330c5-9ac5-46f8-ab64-23b30b6de9d6"/&gt;&lt;/location&gt;</value>
              <attributecollection />
            </attribute>
            <attribute>
              <name>LinkedObjectLocation</name>
              <value></value>
              <attributecollection />
            </attribute>
          </attributecollection>
          <objectcollection />
        </object>
      </objectcollection>
    </object>
    <object>
      <classid>LinkEndCode2</classid>
      <objectid>ld:CompositeMaterialMadeOf::lde:SourceCompositeMaterialMadeOf</objectid>
      <displayname>LinkedObjectsInfo[LinkEndCode2:ld:CompositeMaterialMadeOf::lde:SourceCompositeMaterialMadeOf]</displayname>
      <attributecollection />
      <objectcollection>
        <object>
          <classid>LinkInstance</classid>
          <objectid>f00adce2-7368-466d-8cb7-aaff01724c5b</objectid>
          <displayname>[LinkInstance] {f00adce2-7368-466d-8cb7-aaff01724c5b}</displayname>
          <attributecollection>
            <attribute>
              <name>Name</name>
              <value>[LinkInstance] {f00adce2-7368-466d-8cb7-aaff01724c5b}</value>
              <attributecollection />
            </attribute>
            <attribute>
              <name>LinkedObjectName</name>
              <value>ПА-БрОГр ГОСТ 26719-85</value>
              <attributecollection />
            </attribute>
            <attribute>
              <name>LinkedObjectBOLocation</name>
              <value>BOSimple***Material:c8888854-29ae-4e8a-a36e-652bcb92aabe</value>
              <attributecollection />
            </attribute>
            <attribute>
              <name>LinkedObjectDefaultLocation</name>
              <value>&lt;location producer="1EB9C616-BC33-4B47-A045-A171F86CDD07" ver="1" cls="Properties.ClassificationItem" id="c8888854-29ae-4e8a-a36e-652bcb92aabe"&gt;&lt;item cls="Properties.ReferenceCatalogNode" id="d795d74b-aabe-4951-9029-838e87f14515"/&gt;&lt;/location&gt;</value>
              <attributecollection />
            </attribute>
            <attribute>
              <name>LinkedObjectLocation</name>
              <value></value>
              <attributecollection />
            </attribute>
          </attributecollection>
          <objectcollection />
        </object>
      </objectcollection>
    </object>
  </objectcollection>
</response>